classicNoisedeck__bitEffects	parity/upstream-defaults/classicNoisedeck__bitEffects.dsl
classicNoisedeck__caustic	parity/upstream-defaults/classicNoisedeck__caustic.dsl
classicNoisedeck__cellNoise	parity/upstream-defaults/classicNoisedeck__cellNoise.dsl
classicNoisedeck__cellRefract	parity/upstream-defaults/classicNoisedeck__cellRefract.dsl
classicNoisedeck__coalesce	parity/upstream-defaults/classicNoisedeck__coalesce.dsl
classicNoisedeck__colorLab	parity/upstream-defaults/classicNoisedeck__colorLab.dsl
classicNoisedeck__composite	parity/upstream-defaults/classicNoisedeck__composite.dsl
classicNoisedeck__effects	parity/upstream-defaults/classicNoisedeck__effects.dsl
classicNoisedeck__fractal	parity/upstream-defaults/classicNoisedeck__fractal.dsl
classicNoisedeck__glitch	parity/upstream-defaults/classicNoisedeck__glitch.dsl
classicNoisedeck__kaleido	parity/upstream-defaults/classicNoisedeck__kaleido.dsl
classicNoisedeck__lensDistortion	parity/upstream-defaults/classicNoisedeck__lensDistortion.dsl
classicNoisedeck__moodscape	parity/upstream-defaults/classicNoisedeck__moodscape.dsl
classicNoisedeck__noise	parity/upstream-defaults/classicNoisedeck__noise.dsl
classicNoisedeck__noise3d	parity/upstream-defaults/classicNoisedeck__noise3d.dsl
classicNoisedeck__refract	parity/upstream-defaults/classicNoisedeck__refract.dsl
classicNoisedeck__shapeMixer	parity/upstream-defaults/classicNoisedeck__shapeMixer.dsl
classicNoisedeck__shapes	parity/upstream-defaults/classicNoisedeck__shapes.dsl
classicNoisedeck__shapes3d	parity/upstream-defaults/classicNoisedeck__shapes3d.dsl
classicNoisedeck__splat	parity/upstream-defaults/classicNoisedeck__splat.dsl
filter__adjust	parity/upstream-defaults/filter__adjust.dsl
filter__bloom	parity/upstream-defaults/filter__bloom.dsl
filter__blur	parity/upstream-defaults/filter__blur.dsl
filter__bulge	parity/upstream-defaults/filter__bulge.dsl
filter__celShading	parity/upstream-defaults/filter__celShading.dsl
filter__channel	parity/upstream-defaults/filter__channel.dsl
filter__chroma	parity/upstream-defaults/filter__chroma.dsl
filter__chromaticAberration	parity/upstream-defaults/filter__chromaticAberration.dsl
filter__chrome	parity/upstream-defaults/filter__chrome.dsl
filter__clouds	parity/upstream-defaults/filter__clouds.dsl
filter__colorReplace	parity/upstream-defaults/filter__colorReplace.dsl
filter__convolutionFeedback	parity/upstream-defaults/filter__convolutionFeedback.dsl
filter__corrupt	parity/upstream-defaults/filter__corrupt.dsl
filter__craquelure	parity/upstream-defaults/filter__craquelure.dsl
filter__crt	parity/upstream-defaults/filter__crt.dsl
filter__degauss	parity/upstream-defaults/filter__degauss.dsl
filter__deriv	parity/upstream-defaults/filter__deriv.dsl
filter__directionalBlur	parity/upstream-defaults/filter__directionalBlur.dsl
filter__dither	parity/upstream-defaults/filter__dither.dsl
filter__edge	parity/upstream-defaults/filter__edge.dsl
filter__emboss	parity/upstream-defaults/filter__emboss.dsl
filter__extrude	parity/upstream-defaults/filter__extrude.dsl
filter__feedback	parity/upstream-defaults/filter__feedback.dsl
filter__fibers	parity/upstream-defaults/filter__fibers.dsl
filter__flipMirror	parity/upstream-defaults/filter__flipMirror.dsl
filter__fxaa	parity/upstream-defaults/filter__fxaa.dsl
filter__glowingEdge	parity/upstream-defaults/filter__glowingEdge.dsl
filter__glyphMap	parity/upstream-defaults/filter__glyphMap.dsl
filter__grade	parity/upstream-defaults/filter__grade.dsl
filter__grain	parity/upstream-defaults/filter__grain.dsl
filter__grime	parity/upstream-defaults/filter__grime.dsl
filter__halftone	parity/upstream-defaults/filter__halftone.dsl
filter__hatch	parity/upstream-defaults/filter__hatch.dsl
filter__highPass	parity/upstream-defaults/filter__highPass.dsl
filter__historicPalette	parity/upstream-defaults/filter__historicPalette.dsl
filter__invert	parity/upstream-defaults/filter__invert.dsl
filter__lens	parity/upstream-defaults/filter__lens.dsl
filter__lensFlare	parity/upstream-defaults/filter__lensFlare.dsl
filter__lensWarp	parity/upstream-defaults/filter__lensWarp.dsl
filter__lightLeak	parity/upstream-defaults/filter__lightLeak.dsl
filter__lighting	parity/upstream-defaults/filter__lighting.dsl
filter__lowPoly	parity/upstream-defaults/filter__lowPoly.dsl
filter__median	parity/upstream-defaults/filter__median.dsl
filter__morphology	parity/upstream-defaults/filter__morphology.dsl
filter__mosaicTiles	parity/upstream-defaults/filter__mosaicTiles.dsl
filter__motionBlur	parity/upstream-defaults/filter__motionBlur.dsl
filter__normalMap	parity/upstream-defaults/filter__normalMap.dsl
filter__normalize	parity/upstream-defaults/filter__normalize.dsl
filter__octaveWarp	parity/upstream-defaults/filter__octaveWarp.dsl
filter__oilPaint	parity/upstream-defaults/filter__oilPaint.dsl
filter__osd	parity/upstream-defaults/filter__osd.dsl
filter__outline	parity/upstream-defaults/filter__outline.dsl
filter__palette	parity/upstream-defaults/filter__palette.dsl
filter__parallax	parity/upstream-defaults/filter__parallax.dsl
filter__patchwork	parity/upstream-defaults/filter__patchwork.dsl
filter__photocopy	parity/upstream-defaults/filter__photocopy.dsl
filter__pinch	parity/upstream-defaults/filter__pinch.dsl
filter__pixelSort	parity/upstream-defaults/filter__pixelSort.dsl
filter__pixels	parity/upstream-defaults/filter__pixels.dsl
filter__plasticWrap	parity/upstream-defaults/filter__plasticWrap.dsl
filter__polar	parity/upstream-defaults/filter__polar.dsl
filter__pondRipples	parity/upstream-defaults/filter__pondRipples.dsl
filter__posterize	parity/upstream-defaults/filter__posterize.dsl
filter__prismaticAberration	parity/upstream-defaults/filter__prismaticAberration.dsl
filter__reindex	parity/upstream-defaults/filter__reindex.dsl
filter__relief	parity/upstream-defaults/filter__relief.dsl
filter__repeat	parity/upstream-defaults/filter__repeat.dsl
filter__reverb	parity/upstream-defaults/filter__reverb.dsl
filter__ridge	parity/upstream-defaults/filter__ridge.dsl
filter__rotate	parity/upstream-defaults/filter__rotate.dsl
filter__scale	parity/upstream-defaults/filter__scale.dsl
filter__scanlineError	parity/upstream-defaults/filter__scanlineError.dsl
filter__scatter	parity/upstream-defaults/filter__scatter.dsl
filter__scratches	parity/upstream-defaults/filter__scratches.dsl
filter__scroll	parity/upstream-defaults/filter__scroll.dsl
filter__seamless	parity/upstream-defaults/filter__seamless.dsl
filter__sharpen	parity/upstream-defaults/filter__sharpen.dsl
filter__simpleAberration	parity/upstream-defaults/filter__simpleAberration.dsl
filter__sine	parity/upstream-defaults/filter__sine.dsl
filter__skew	parity/upstream-defaults/filter__skew.dsl
filter__smooth	parity/upstream-defaults/filter__smooth.dsl
filter__smoothstep	parity/upstream-defaults/filter__smoothstep.dsl
filter__snow	parity/upstream-defaults/filter__snow.dsl
filter__sobel	parity/upstream-defaults/filter__sobel.dsl
filter__spatter	parity/upstream-defaults/filter__spatter.dsl
filter__spinBlur	parity/upstream-defaults/filter__spinBlur.dsl
filter__spiral	parity/upstream-defaults/filter__spiral.dsl
filter__spookyTicker	parity/upstream-defaults/filter__spookyTicker.dsl
filter__stamp	parity/upstream-defaults/filter__stamp.dsl
filter__step	parity/upstream-defaults/filter__step.dsl
filter__stipple	parity/upstream-defaults/filter__stipple.dsl
filter__strayHair	parity/upstream-defaults/filter__strayHair.dsl
filter__strokes	parity/upstream-defaults/filter__strokes.dsl
filter__temporalAberration	parity/upstream-defaults/filter__temporalAberration.dsl
filter__tetraColorArray	parity/upstream-defaults/filter__tetraColorArray.dsl
filter__tetraCosine	parity/upstream-defaults/filter__tetraCosine.dsl
filter__text	parity/upstream-defaults/filter__text.dsl
filter__texture	parity/upstream-defaults/filter__texture.dsl
filter__threshold	parity/upstream-defaults/filter__threshold.dsl
filter__tile	parity/upstream-defaults/filter__tile.dsl
filter__tint	parity/upstream-defaults/filter__tint.dsl
filter__translate	parity/upstream-defaults/filter__translate.dsl
filter__tunnel	parity/upstream-defaults/filter__tunnel.dsl
filter__unsharpMask	parity/upstream-defaults/filter__unsharpMask.dsl
filter__vaseline	parity/upstream-defaults/filter__vaseline.dsl
filter__vignette	parity/upstream-defaults/filter__vignette.dsl
filter__warp	parity/upstream-defaults/filter__warp.dsl
filter__watercolor	parity/upstream-defaults/filter__watercolor.dsl
filter__waves	parity/upstream-defaults/filter__waves.dsl
filter__wind	parity/upstream-defaults/filter__wind.dsl
filter__wobble	parity/upstream-defaults/filter__wobble.dsl
filter__wormhole	parity/upstream-defaults/filter__wormhole.dsl
filter__zoomBlur	parity/upstream-defaults/filter__zoomBlur.dsl
filter3d__flow3d	parity/upstream-defaults/filter3d__flow3d.dsl
filter3d__palette3d	parity/upstream-defaults/filter3d__palette3d.dsl
mixer__alphaMask	parity/upstream-defaults/mixer__alphaMask.dsl
mixer__applyMode	parity/upstream-defaults/mixer__applyMode.dsl
mixer__blendMode	parity/upstream-defaults/mixer__blendMode.dsl
mixer__cellSplit	parity/upstream-defaults/mixer__cellSplit.dsl
mixer__centerMask	parity/upstream-defaults/mixer__centerMask.dsl
mixer__channelCombine	parity/upstream-defaults/mixer__channelCombine.dsl
mixer__distortion	parity/upstream-defaults/mixer__distortion.dsl
mixer__focusBlur	parity/upstream-defaults/mixer__focusBlur.dsl
mixer__mashup	parity/upstream-defaults/mixer__mashup.dsl
mixer__patternMix	parity/upstream-defaults/mixer__patternMix.dsl
mixer__shadow	parity/upstream-defaults/mixer__shadow.dsl
mixer__shapeMask	parity/upstream-defaults/mixer__shapeMask.dsl
mixer__split	parity/upstream-defaults/mixer__split.dsl
mixer__thresholdMix	parity/upstream-defaults/mixer__thresholdMix.dsl
mixer__uvRemap	parity/upstream-defaults/mixer__uvRemap.dsl
points__attractor	parity/upstream-defaults/points__attractor.dsl
points__buddhabrot	parity/upstream-defaults/points__buddhabrot.dsl
points__dla	parity/upstream-defaults/points__dla.dsl
points__flock	parity/upstream-defaults/points__flock.dsl
points__flow	parity/upstream-defaults/points__flow.dsl
points__hydraulic	parity/upstream-defaults/points__hydraulic.dsl
points__lenia	parity/upstream-defaults/points__lenia.dsl
points__life	parity/upstream-defaults/points__life.dsl
points__physarum	parity/upstream-defaults/points__physarum.dsl
points__physical	parity/upstream-defaults/points__physical.dsl
render__loopBegin	parity/upstream-defaults/render__loopBegin.dsl
render__loopEnd	parity/upstream-defaults/render__loopEnd.dsl
render__meshLoader	parity/upstream-defaults/render__meshLoader.dsl
render__meshRender	parity/upstream-defaults/render__meshRender.dsl
render__pointsBillboardRender	parity/upstream-defaults/render__pointsBillboardRender.dsl
render__pointsEmit	parity/upstream-defaults/render__pointsEmit.dsl
render__pointsRender	parity/upstream-defaults/render__pointsRender.dsl
render__render3d	parity/upstream-defaults/render__render3d.dsl
render__renderCubemap3d	parity/upstream-defaults/render__renderCubemap3d.dsl
render__renderCubemapSurface	parity/upstream-defaults/render__renderCubemapSurface.dsl
render__renderLit3d	parity/upstream-defaults/render__renderLit3d.dsl
synth__bitwise	parity/upstream-defaults/synth__bitwise.dsl
synth__cell	parity/upstream-defaults/synth__cell.dsl
synth__cellularAutomata	parity/upstream-defaults/synth__cellularAutomata.dsl
synth__curl	parity/upstream-defaults/synth__curl.dsl
synth__gabor	parity/upstream-defaults/synth__gabor.dsl
synth__gradient	parity/upstream-defaults/synth__gradient.dsl
synth__julia	parity/upstream-defaults/synth__julia.dsl
synth__mandala	parity/upstream-defaults/synth__mandala.dsl
synth__mandelbrot	parity/upstream-defaults/synth__mandelbrot.dsl
synth__media	parity/upstream-defaults/synth__media.dsl
synth__mnca	parity/upstream-defaults/synth__mnca.dsl
synth__modPattern	parity/upstream-defaults/synth__modPattern.dsl
synth__navierStokes	parity/upstream-defaults/synth__navierStokes.dsl
synth__newton	parity/upstream-defaults/synth__newton.dsl
synth__noise	parity/upstream-defaults/synth__noise.dsl
synth__osc2d	parity/upstream-defaults/synth__osc2d.dsl
synth__pattern	parity/upstream-defaults/synth__pattern.dsl
synth__perlin	parity/upstream-defaults/synth__perlin.dsl
synth__polygon	parity/upstream-defaults/synth__polygon.dsl
synth__reactionDiffusion	parity/upstream-defaults/synth__reactionDiffusion.dsl
synth__remap	parity/upstream-defaults/synth__remap.dsl
synth__roll	parity/upstream-defaults/synth__roll.dsl
synth__sacredGeometry	parity/upstream-defaults/synth__sacredGeometry.dsl
synth__scope	parity/upstream-defaults/synth__scope.dsl
synth__shape	parity/upstream-defaults/synth__shape.dsl
synth__solid	parity/upstream-defaults/synth__solid.dsl
synth__spectrum	parity/upstream-defaults/synth__spectrum.dsl
synth__subdivide	parity/upstream-defaults/synth__subdivide.dsl
synth__testPattern	parity/upstream-defaults/synth__testPattern.dsl
synth3d__cell3d	parity/upstream-defaults/synth3d__cell3d.dsl
synth3d__cellularAutomata3d	parity/upstream-defaults/synth3d__cellularAutomata3d.dsl
synth3d__flythrough3d	parity/upstream-defaults/synth3d__flythrough3d.dsl
synth3d__fractal3d	parity/upstream-defaults/synth3d__fractal3d.dsl
synth3d__noise3d	parity/upstream-defaults/synth3d__noise3d.dsl
synth3d__reactionDiffusion3d	parity/upstream-defaults/synth3d__reactionDiffusion3d.dsl
synth3d__shape3d	parity/upstream-defaults/synth3d__shape3d.dsl
